DEPARTAMENTO,MUNICIPIO,PAÍS
AMAZONAS,LETICIA,COLOMBIA
ANTIOQUIA,ABEJORRAL,COLOMBIA
ANTIOQUIA,ABRIAQUI,COLOMBIA
ANTIOQUIA,ALEJANDRIA,COLOMBIA
ANTIOQUIA,AMAGA,COLOMBIA
ANTIOQUIA,AMALFI,COLOMBIA
ANTIOQUIA,ANDES,COLOMBIA
ANTIOQUIA,ANGELOPOLIS,COLOMBIA
ANTIOQUIA,ANGOSTURA,COLOMBIA
ANTIOQUIA,ANORI,COLOMBIA
ANTIOQUIA,ANZA,COLOMBIA
ANTIOQUIA,APARTADO,COLOMBIA
ANTIOQUIA,ARBOLETES,COLOMBIA
ANTIOQUIA,ARGELIA,COLOMBIA
ANTIOQUIA,ARMENIA,COLOMBIA
ANTIOQUIA,BARBOSA,COLOMBIA
ANTIOQUIA,BELLO,COLOMBIA
ANTIOQUIA,BELMIRA,COLOMBIA
ANTIOQUIA,BETANIA,COLOMBIA
ANTIOQUIA,BETULIA,COLOMBIA
ANTIOQUIA,BRICEÑO,COLOMBIA
ANTIOQUIA,BURITICA,COLOMBIA
ANTIOQUIA,CACERES,COLOMBIA
ANTIOQUIA,CAICEDO,COLOMBIA
ANTIOQUIA,CALDAS,COLOMBIA
ANTIOQUIA,CAMPAMENTO,COLOMBIA
ANTIOQUIA,CARACOLI,COLOMBIA
ANTIOQUIA,CARAMANTA,COLOMBIA
ANTIOQUIA,CAREPA,COLOMBIA
ANTIOQUIA,CAROLINA,COLOMBIA
ANTIOQUIA,CAUCASIA,COLOMBIA
ANTIOQUIA,CAÑASGORDAS,COLOMBIA
ANTIOQUIA,CHIGORODO,COLOMBIA
ANTIOQUIA,CISNEROS,COLOMBIA
ANTIOQUIA,CIUDAD BOLIVAR,COLOMBIA
ANTIOQUIA,COCORNA,COLOMBIA
ANTIOQUIA,CONCEPCION,COLOMBIA
ANTIOQUIA,CONCORDIA,COLOMBIA
ANTIOQUIA,COPACABANA,COLOMBIA
ANTIOQUIA,DABEIBA,COLOMBIA
ANTIOQUIA,DON MATIAS,COLOMBIA
ANTIOQUIA,EBEJICO,COLOMBIA
ANTIOQUIA,EL BAGRE,COLOMBIA
ANTIOQUIA,EL CARMEN DE VIBORAL,COLOMBIA
ANTIOQUIA,EL SANTUARIO,COLOMBIA
ANTIOQUIA,ENTRERRIOS,COLOMBIA
ANTIOQUIA,ENVIGADO,COLOMBIA
ANTIOQUIA,FREDONIA,COLOMBIA
ANTIOQUIA,FRONTINO,COLOMBIA
ANTIOQUIA,GIRALDO,COLOMBIA
ANTIOQUIA,GIRARDOTA,COLOMBIA
ANTIOQUIA,GOMEZ PLATA,COLOMBIA
ANTIOQUIA,GRANADA,COLOMBIA
ANTIOQUIA,GUADALUPE,COLOMBIA
ANTIOQUIA,GUARNE,COLOMBIA
ANTIOQUIA,GUATAPE,COLOMBIA
ANTIOQUIA,HELICONIA,COLOMBIA
ANTIOQUIA,HISPANIA,COLOMBIA
ANTIOQUIA,ITAGUI,COLOMBIA
ANTIOQUIA,ITUANGO,COLOMBIA
ANTIOQUIA,JARDIN,COLOMBIA
ANTIOQUIA,JERICO,COLOMBIA
ANTIOQUIA,LA CEJA,COLOMBIA
ANTIOQUIA,LA ESTRELLA,COLOMBIA
ANTIOQUIA,LA PINTADA,COLOMBIA
ANTIOQUIA,LA UNION,COLOMBIA
ANTIOQUIA,LIBORINA,COLOMBIA
ANTIOQUIA,MACEO,COLOMBIA
ANTIOQUIA,MARINILLA,COLOMBIA
ANTIOQUIA,MEDELLIN,COLOMBIA
ANTIOQUIA,MONTEBELLO,COLOMBIA
ANTIOQUIA,MUTATA,COLOMBIA
ANTIOQUIA,NARIÑO,COLOMBIA
ANTIOQUIA,NECHI,COLOMBIA
ANTIOQUIA,NECOCLI,COLOMBIA
ANTIOQUIA,OLAYA,COLOMBIA
ANTIOQUIA,PEÑOL,COLOMBIA
ANTIOQUIA,PUEBLORRICO,COLOMBIA
ANTIOQUIA,PUERTO BERRIO,COLOMBIA
ANTIOQUIA,PUERTO NARE,COLOMBIA
ANTIOQUIA,PUERTO TRIUNFO,COLOMBIA
ANTIOQUIA,REMEDIOS,COLOMBIA
ANTIOQUIA,RETIRO,COLOMBIA
ANTIOQUIA,RIONEGRO,COLOMBIA
ANTIOQUIA,SABANALARGA,COLOMBIA
ANTIOQUIA,SABANETA,COLOMBIA
ANTIOQUIA,SALGAR,COLOMBIA
ANTIOQUIA,SAN ANDRES DE CUERQUIA,COLOMBIA
ANTIOQUIA,SAN CARLOS,COLOMBIA
ANTIOQUIA,SAN FRANCISCO,COLOMBIA
ANTIOQUIA,SAN JERONIMO,COLOMBIA
ANTIOQUIA,SAN JOSE DE LA MONTAÑA,COLOMBIA
ANTIOQUIA,SAN JUAN DE URABA,COLOMBIA
ANTIOQUIA,SAN LUIS,COLOMBIA
ANTIOQUIA,SAN PEDRO,COLOMBIA
ANTIOQUIA,SAN PEDRO DE URABA,COLOMBIA
ANTIOQUIA,SAN RAFAEL,COLOMBIA
ANTIOQUIA,SAN ROQUE,COLOMBIA
ANTIOQUIA,SAN VICENTE,COLOMBIA
ANTIOQUIA,SANTA BARBARA,COLOMBIA
ANTIOQUIA,SANTA ROSA DE OSOS,COLOMBIA
ANTIOQUIA,SANTAFE DE ANTIOQUIA,COLOMBIA
ANTIOQUIA,SANTO DOMINGO,COLOMBIA
ANTIOQUIA,SEGOVIA,COLOMBIA
ANTIOQUIA,SONSON,COLOMBIA
ANTIOQUIA,SOPETRAN,COLOMBIA
ANTIOQUIA,TAMESIS,COLOMBIA
ANTIOQUIA,TARAZA,COLOMBIA
ANTIOQUIA,TARSO,COLOMBIA
ANTIOQUIA,TITIRIBI,COLOMBIA
ANTIOQUIA,TOLEDO,COLOMBIA
ANTIOQUIA,TURBO,COLOMBIA
ANTIOQUIA,URAMITA,COLOMBIA
ANTIOQUIA,URRAO,COLOMBIA
ANTIOQUIA,VALDIVIA,COLOMBIA
ANTIOQUIA,VALPARAISO,COLOMBIA
ANTIOQUIA,VEGACHI,COLOMBIA
ANTIOQUIA,VENECIA,COLOMBIA
ANTIOQUIA,YALI,COLOMBIA
ANTIOQUIA,YARUMAL,COLOMBIA
ANTIOQUIA,YOLOMBO,COLOMBIA
ANTIOQUIA,YONDO,COLOMBIA
ANTIOQUIA,ZARAGOZA,COLOMBIA
ARAUCA,ARAUCA,COLOMBIA
ARAUCA,ARAUQUITA,COLOMBIA
ARAUCA,CRAVO NORTE,COLOMBIA
ARAUCA,FORTUL,COLOMBIA
ARAUCA,PUERTO RONDON,COLOMBIA
ARAUCA,SARAVENA,COLOMBIA
ARAUCA,TAME,COLOMBIA
ATLANTICO,BARANOA,COLOMBIA
ATLANTICO,BARRANQUILLA,COLOMBIA
ATLANTICO,CAMPO DE LA CRUZ,COLOMBIA
ATLANTICO,CANDELARIA,COLOMBIA
ATLANTICO,GALAPA,COLOMBIA
ATLANTICO,JUAN DE ACOSTA,COLOMBIA
ATLANTICO,LURUACO,COLOMBIA
ATLANTICO,MALAMBO,COLOMBIA
ATLANTICO,MANATI,COLOMBIA
ATLANTICO,PALMAR DE VARELA,COLOMBIA
ATLANTICO,PIOJO,COLOMBIA
ATLANTICO,POLONUEVO,COLOMBIA
ATLANTICO,PONEDERA,COLOMBIA
ATLANTICO,PUERTO COLOMBIA,COLOMBIA
ATLANTICO,REPELON,COLOMBIA
ATLANTICO,SABANAGRANDE,COLOMBIA
ATLANTICO,SABANALARGA,COLOMBIA
ATLANTICO,SANTA LUCIA,COLOMBIA
ATLANTICO,SANTO TOMAS,COLOMBIA
ATLANTICO,SOLEDAD,COLOMBIA
ATLANTICO,SUAN,COLOMBIA
ATLANTICO,TUBARA,COLOMBIA
ATLANTICO,USIACURI,COLOMBIA
BOGOTA D.C.,BOGOTA D.C.,COLOMBIA
BOLIVAR,ACHI,COLOMBIA
BOLIVAR,ALTOS DEL ROSARIO,COLOMBIA
BOLIVAR,ARENAL,COLOMBIA
BOLIVAR,ARJONA,COLOMBIA
BOLIVAR,ARROYOHONDO,COLOMBIA
BOLIVAR,BARRANCO DE LOBA,COLOMBIA
BOLIVAR,CALAMAR,COLOMBIA
BOLIVAR,CANTAGALLO,COLOMBIA
BOLIVAR,CARTAGENA,COLOMBIA
BOLIVAR,CICUCO,COLOMBIA
BOLIVAR,CLEMENCIA,COLOMBIA
BOLIVAR,CORDOBA,COLOMBIA
BOLIVAR,EL CARMEN DE BOLIVAR,COLOMBIA
BOLIVAR,EL GUAMO,COLOMBIA
BOLIVAR,EL PEÑON,COLOMBIA
BOLIVAR,HATILLO DE LOBA,COLOMBIA
BOLIVAR,MAGANGUE,COLOMBIA
BOLIVAR,MAHATES,COLOMBIA
BOLIVAR,MARGARITA,COLOMBIA
BOLIVAR,MARIA LA BAJA,COLOMBIA
BOLIVAR,MOMPOS,COLOMBIA
BOLIVAR,MONTECRISTO,COLOMBIA
BOLIVAR,MORALES,COLOMBIA
BOLIVAR,NOROSI,COLOMBIA
BOLIVAR,PINILLOS,COLOMBIA
BOLIVAR,REGIDOR,COLOMBIA
BOLIVAR,RIO VIEJO,COLOMBIA
BOLIVAR,SAN CRISTOBAL,COLOMBIA
BOLIVAR,SAN ESTANISLAO,COLOMBIA
BOLIVAR,SAN FERNANDO,COLOMBIA
BOLIVAR,SAN JACINTO,COLOMBIA
BOLIVAR,SAN JACINTO DEL CAUCA,COLOMBIA
BOLIVAR,SAN JUAN NEPOMUCENO,COLOMBIA
BOLIVAR,SAN MARTIN DE LOBA,COLOMBIA
BOLIVAR,SAN PABLO,COLOMBIA
BOLIVAR,SANTA CATALINA,COLOMBIA
BOLIVAR,SANTA ROSA,COLOMBIA
BOLIVAR,SANTA ROSA DEL SUR,COLOMBIA
BOLIVAR,SIMITI,COLOMBIA
BOLIVAR,SOPLAVIENTO,COLOMBIA
BOLIVAR,TALAIGUA NUEVO,COLOMBIA
BOLIVAR,TIQUISIO,COLOMBIA
BOLIVAR,TURBACO,COLOMBIA
BOLIVAR,TURBANA,COLOMBIA
BOLIVAR,VILLANUEVA,COLOMBIA
BOLIVAR,ZAMBRANO,COLOMBIA
BOYACA,ALMEIDA,COLOMBIA
BOYACA,AQUITANIA,COLOMBIA
BOYACA,ARCABUCO,COLOMBIA
BOYACA,BELEN,COLOMBIA
BOYACA,BOAVITA,COLOMBIA
BOYACA,BOYACA,COLOMBIA
BOYACA,BRICEÑO,COLOMBIA
BOYACA,BUENAVISTA,COLOMBIA
BOYACA,BUSBANZA,COLOMBIA
BOYACA,CALDAS,COLOMBIA
BOYACA,CAMPOHERMOSO,COLOMBIA
BOYACA,CERINZA,COLOMBIA
BOYACA,CHINAVITA,COLOMBIA
BOYACA,CHIQUINQUIRA,COLOMBIA
BOYACA,CHIQUIZA,COLOMBIA
BOYACA,CHITA,COLOMBIA
BOYACA,CHITARAQUE,COLOMBIA
BOYACA,CHIVATA,COLOMBIA
BOYACA,CHIVOR,COLOMBIA
BOYACA,CIENEGA,COLOMBIA
BOYACA,COMBITA,COLOMBIA
BOYACA,COPER,COLOMBIA
BOYACA,CORRALES,COLOMBIA
BOYACA,COVARACHIA,COLOMBIA
BOYACA,CUBARA,COLOMBIA
BOYACA,CUCAITA,COLOMBIA
BOYACA,CUITIVA,COLOMBIA
BOYACA,DUITAMA,COLOMBIA
BOYACA,EL COCUY,COLOMBIA
BOYACA,FIRAVITOBA,COLOMBIA
BOYACA,FLORESTA,COLOMBIA
BOYACA,GACHANTIVA,COLOMBIA
BOYACA,GAMEZA,COLOMBIA
BOYACA,GARAGOA,COLOMBIA
BOYACA,GUACAMAYAS,COLOMBIA
BOYACA,GUATEQUE,COLOMBIA
BOYACA,GUAYATA,COLOMBIA
BOYACA,IZA,COLOMBIA
BOYACA,JENESANO,COLOMBIA
BOYACA,JERICO,COLOMBIA
BOYACA,LA CAPILLA,COLOMBIA
BOYACA,LA UVITA,COLOMBIA
BOYACA,LABRANZAGRANDE,COLOMBIA
BOYACA,MACANAL,COLOMBIA
BOYACA,MARIPI,COLOMBIA
BOYACA,MIRAFLORES,COLOMBIA
BOYACA,MONGUA,COLOMBIA
BOYACA,MONGUI,COLOMBIA
BOYACA,MONIQUIRA,COLOMBIA
BOYACA,MOTAVITA,COLOMBIA
BOYACA,MUZO,COLOMBIA
BOYACA,NOBSA,COLOMBIA
BOYACA,NUEVO COLON,COLOMBIA
BOYACA,OICATA,COLOMBIA
BOYACA,OTANCHE,COLOMBIA
BOYACA,PACHAVITA,COLOMBIA
BOYACA,PAEZ,COLOMBIA
BOYACA,PAIPA,COLOMBIA
BOYACA,PAJARITO,COLOMBIA
BOYACA,PANQUEBA,COLOMBIA
BOYACA,PAUNA,COLOMBIA
BOYACA,PAYA,COLOMBIA
BOYACA,PAZ DE RIO,COLOMBIA
BOYACA,PESCA,COLOMBIA
BOYACA,PISBA,COLOMBIA
BOYACA,PUERTO BOYACA,COLOMBIA
BOYACA,QUIPAMA,COLOMBIA
BOYACA,RAMIRIQUI,COLOMBIA
BOYACA,RAQUIRA,COLOMBIA
BOYACA,SABOYA,COLOMBIA
BOYACA,SACHICA,COLOMBIA
BOYACA,SAMACA,COLOMBIA
BOYACA,SAN JOSE DE PARE,COLOMBIA
BOYACA,SAN LUIS DE GACENO,COLOMBIA
BOYACA,SAN MIGUEL DE SEMA,COLOMBIA
BOYACA,SAN PABLO DE BORBUR,COLOMBIA
BOYACA,SANTA MARIA,COLOMBIA
BOYACA,SANTA ROSA DE VITERBO,COLOMBIA
BOYACA,SANTA SOFIA,COLOMBIA
BOYACA,SANTANA,COLOMBIA
BOYACA,SATIVANORTE,COLOMBIA
BOYACA,SATIVASUR,COLOMBIA
BOYACA,SIACHOQUE,COLOMBIA
BOYACA,SOATA,COLOMBIA
BOYACA,SOCHA,COLOMBIA
BOYACA,SOCOTA,COLOMBIA
BOYACA,SOGAMOSO,COLOMBIA
BOYACA,SOMONDOCO,COLOMBIA
BOYACA,SORA,COLOMBIA
BOYACA,SORACA,COLOMBIA
BOYACA,SOTAQUIRA,COLOMBIA
BOYACA,SUSACON,COLOMBIA
BOYACA,SUTAMARCHAN,COLOMBIA
BOYACA,SUTATENZA,COLOMBIA
BOYACA,TASCO,COLOMBIA
BOYACA,TENZA,COLOMBIA
BOYACA,TIBANA,COLOMBIA
BOYACA,TIBASOSA,COLOMBIA
BOYACA,TINJACA,COLOMBIA
BOYACA,TIPACOQUE,COLOMBIA
BOYACA,TOCA,COLOMBIA
BOYACA,TOGUI,COLOMBIA
BOYACA,TOPAGA,COLOMBIA
BOYACA,TOTA,COLOMBIA
BOYACA,TUNJA,COLOMBIA
BOYACA,TURMEQUE,COLOMBIA
BOYACA,TUTA,COLOMBIA
BOYACA,TUTAZA,COLOMBIA
BOYACA,UMBITA,COLOMBIA
BOYACA,VENTAQUEMADA,COLOMBIA
BOYACA,VILLA DE LEYVA,COLOMBIA
BOYACA,VIRACACHA,COLOMBIA
BOYACA,ZETAQUIRA,COLOMBIA
CALDAS,AGUADAS,COLOMBIA
CALDAS,ANSERMA,COLOMBIA
CALDAS,ARANZAZU,COLOMBIA
CALDAS,BELALCAZAR,COLOMBIA
CALDAS,CHINCHINA,COLOMBIA
CALDAS,FILADELFIA,COLOMBIA
CALDAS,LA DORADA,COLOMBIA
CALDAS,LA MERCED,COLOMBIA
CALDAS,MANIZALES,COLOMBIA
CALDAS,MANZANARES,COLOMBIA
CALDAS,MARMATO,COLOMBIA
CALDAS,MARQUETALIA,COLOMBIA
CALDAS,MARULANDA,COLOMBIA
CALDAS,NEIRA,COLOMBIA
CALDAS,NORCASIA,COLOMBIA
CALDAS,PACORA,COLOMBIA
CALDAS,PALESTINA,COLOMBIA
CALDAS,PENSILVANIA,COLOMBIA
CALDAS,RIOSUCIO,COLOMBIA
CALDAS,RISARALDA,COLOMBIA
CALDAS,SALAMINA,COLOMBIA
CALDAS,SAMANA,COLOMBIA
CALDAS,SAN JOSE,COLOMBIA
CALDAS,SUPIA,COLOMBIA
CALDAS,VICTORIA,COLOMBIA
CALDAS,VILLAMARIA,COLOMBIA
CALDAS,VITERBO,COLOMBIA
CAQUETA,ALBANIA,COLOMBIA
CAQUETA,BELEN DE LOS ANDAQUIES,COLOMBIA
CAQUETA,CARTAGENA DEL CHAIRA,COLOMBIA
CAQUETA,CURILLO,COLOMBIA
CAQUETA,EL DONCELLO,COLOMBIA
CAQUETA,EL PAUJIL,COLOMBIA
CAQUETA,FLORENCIA,COLOMBIA
CAQUETA,LA MONTAÑITA,COLOMBIA
CAQUETA,MILAN,COLOMBIA
CAQUETA,MORELIA,COLOMBIA
CAQUETA,PUERTO RICO,COLOMBIA
CAQUETA,SAN JOSE DEL FRAGUA,COLOMBIA
CAQUETA,SAN VICENTE DEL CAGUAN,COLOMBIA
CAQUETA,SOLANO,COLOMBIA
CAQUETA,SOLITA,COLOMBIA
CAQUETA,VALPARAISO,COLOMBIA
CASANARE,AGUAZUL,COLOMBIA
CASANARE,CHAMEZA,COLOMBIA
CASANARE,HATO COROZAL,COLOMBIA
CASANARE,LA SALINA,COLOMBIA
CASANARE,MANI,COLOMBIA
CASANARE,MONTERREY,COLOMBIA
CASANARE,NUNCHIA,COLOMBIA
CASANARE,OROCUE,COLOMBIA
CASANARE,PAZ DE ARIPORO,COLOMBIA
CASANARE,PORE,COLOMBIA
CASANARE,RECETOR,COLOMBIA
CASANARE,SABANALARGA,COLOMBIA
CASANARE,SACAMA,COLOMBIA
CASANARE,SAN LUIS DE PALENQUE,COLOMBIA
CASANARE,TAMARA,COLOMBIA
CASANARE,TAURAMENA,COLOMBIA
CASANARE,TRINIDAD,COLOMBIA
CASANARE,VILLANUEVA,COLOMBIA
CASANARE,YOPAL,COLOMBIA
CAUCA,ALMAGUER,COLOMBIA
CAUCA,ARGELIA,COLOMBIA
CAUCA,BALBOA,COLOMBIA
CAUCA,BOLIVAR,COLOMBIA
CAUCA,BUENOS AIRES,COLOMBIA
CAUCA,CAJIBIO,COLOMBIA
CAUCA,CALDONO,COLOMBIA
CAUCA,CALOTO,COLOMBIA
CAUCA,CORINTO,COLOMBIA
CAUCA,EL TAMBO,COLOMBIA
CAUCA,FLORENCIA,COLOMBIA
CAUCA,GUACHENE,COLOMBIA
CAUCA,GUAPI,COLOMBIA
CAUCA,INZA,COLOMBIA
CAUCA,JAMBALO,COLOMBIA
CAUCA,LA SIERRA,COLOMBIA
CAUCA,LA VEGA,COLOMBIA
CAUCA,LOPEZ,COLOMBIA
CAUCA,MERCADERES,COLOMBIA
CAUCA,MIRANDA,COLOMBIA
CAUCA,MORALES,COLOMBIA
CAUCA,PADILLA,COLOMBIA
CAUCA,PAEZ,COLOMBIA
CAUCA,PATIA,COLOMBIA
CAUCA,PIAMONTE,COLOMBIA
CAUCA,PIENDAMO,COLOMBIA
CAUCA,POPAYAN,COLOMBIA
CAUCA,PUERTO TEJADA,COLOMBIA
CAUCA,PURACE,COLOMBIA
CAUCA,ROSAS,COLOMBIA
CAUCA,SAN SEBASTIAN,COLOMBIA
CAUCA,SANTA ROSA,COLOMBIA
CAUCA,SANTANDER DE QUILICHAO,COLOMBIA
CAUCA,SILVIA,COLOMBIA
CAUCA,SOTARA,COLOMBIA
CAUCA,SUAREZ,COLOMBIA
CAUCA,SUCRE,COLOMBIA
CAUCA,TIMBIO,COLOMBIA
CAUCA,TORIBIO,COLOMBIA
CAUCA,TOTORO,COLOMBIA
CAUCA,VILLA RICA,COLOMBIA
CESAR,AGUACHICA,COLOMBIA
CESAR,AGUSTIN CODAZZI,COLOMBIA
CESAR,ASTREA,COLOMBIA
CESAR,BECERRIL,COLOMBIA
CESAR,BOSCONIA,COLOMBIA
CESAR,CHIMICHAGUA,COLOMBIA
CESAR,CHIRIGUANA,COLOMBIA
CESAR,CURUMANI,COLOMBIA
CESAR,EL COPEY,COLOMBIA
CESAR,EL PASO,COLOMBIA
CESAR,GAMARRA,COLOMBIA
CESAR,GONZALEZ,COLOMBIA
CESAR,LA GLORIA,COLOMBIA
CESAR,LA JAGUA DE IBIRICO,COLOMBIA
CESAR,LA PAZ,COLOMBIA
CESAR,MANAURE,COLOMBIA
CESAR,PAILITAS,COLOMBIA
CESAR,PELAYA,COLOMBIA
CESAR,PUEBLO BELLO,COLOMBIA
CESAR,RIO DE ORO,COLOMBIA
CESAR,SAN ALBERTO,COLOMBIA
CESAR,SAN DIEGO,COLOMBIA
CESAR,SAN MARTIN,COLOMBIA
CESAR,TAMALAMEQUE,COLOMBIA
CESAR,VALLEDUPAR,COLOMBIA
CHOCO,ACANDI,COLOMBIA
CHOCO,ATRATO,COLOMBIA
CHOCO,BAGADO,COLOMBIA
CHOCO,BAHIA SOLANO,COLOMBIA
CHOCO,BOJAYA,COLOMBIA
CHOCO,CERTEGUI,COLOMBIA
CHOCO,CONDOTO,COLOMBIA
CHOCO,EL CANTON DEL SAN PABLO,COLOMBIA
CHOCO,EL CARMEN DE ATRATO,COLOMBIA
CHOCO,EL LITORAL DEL SAN JUAN,COLOMBIA
CHOCO,ISTMINA,COLOMBIA
CHOCO,LLORO,COLOMBIA
CHOCO,MEDIO SAN JUAN,COLOMBIA
CHOCO,NOVITA,COLOMBIA
CHOCO,QUIBDO,COLOMBIA
CHOCO,RIO QUITO,COLOMBIA
CHOCO,RIOSUCIO,COLOMBIA
CHOCO,SAN JOSE DEL PALMAR,COLOMBIA
CHOCO,TADO,COLOMBIA
CHOCO,UNGUIA,COLOMBIA
CHOCO,UNION PANAMERICANA,COLOMBIA
CORDOBA,AYAPEL,COLOMBIA
CORDOBA,BUENAVISTA,COLOMBIA
CORDOBA,CANALETE,COLOMBIA
CORDOBA,CERETE,COLOMBIA
CORDOBA,CHIMA,COLOMBIA
CORDOBA,CHINU,COLOMBIA
CORDOBA,CIENAGA DE ORO,COLOMBIA
CORDOBA,COTORRA,COLOMBIA
CORDOBA,LA APARTADA,COLOMBIA
CORDOBA,LORICA,COLOMBIA
CORDOBA,LOS CORDOBAS,COLOMBIA
CORDOBA,MOMIL,COLOMBIA
CORDOBA,MONTELIBANO,COLOMBIA
CORDOBA,MONTERIA,COLOMBIA
CORDOBA,MOÑITOS,COLOMBIA
CORDOBA,PLANETA RICA,COLOMBIA
CORDOBA,PUEBLO NUEVO,COLOMBIA
CORDOBA,PUERTO ESCONDIDO,COLOMBIA
CORDOBA,PUERTO LIBERTADOR,COLOMBIA
CORDOBA,PURISIMA,COLOMBIA
CORDOBA,SAHAGUN,COLOMBIA
CORDOBA,SAN ANDRES SOTAVENTO,COLOMBIA
CORDOBA,SAN ANTERO,COLOMBIA
CORDOBA,SAN BERNARDO DEL VIENTO,COLOMBIA
CORDOBA,SAN CARLOS,COLOMBIA
CORDOBA,SAN JOSE DE URE,COLOMBIA
CORDOBA,SAN PELAYO,COLOMBIA
CORDOBA,TIERRALTA,COLOMBIA
CORDOBA,TUCHIN,COLOMBIA
CORDOBA,VALENCIA,COLOMBIA
CUNDINAMARCA,AGUA DE DIOS,COLOMBIA
CUNDINAMARCA,ALBAN,COLOMBIA
CUNDINAMARCA,ANAPOIMA,COLOMBIA
CUNDINAMARCA,ANOLAIMA,COLOMBIA
CUNDINAMARCA,APULO,COLOMBIA
CUNDINAMARCA,ARBELAEZ,COLOMBIA
CUNDINAMARCA,BELTRAN,COLOMBIA
CUNDINAMARCA,BITUIMA,COLOMBIA
CUNDINAMARCA,BOJACA,COLOMBIA
CUNDINAMARCA,CABRERA,COLOMBIA
CUNDINAMARCA,CACHIPAY,COLOMBIA
CUNDINAMARCA,CAJICA,COLOMBIA
CUNDINAMARCA,CAPARRAPI,COLOMBIA
CUNDINAMARCA,CAQUEZA,COLOMBIA
CUNDINAMARCA,CARMEN DE CARUPA,COLOMBIA
CUNDINAMARCA,CHAGUANI,COLOMBIA
CUNDINAMARCA,CHIA,COLOMBIA
CUNDINAMARCA,CHIPAQUE,COLOMBIA
CUNDINAMARCA,CHOACHI,COLOMBIA
CUNDINAMARCA,CHOCONTA,COLOMBIA
CUNDINAMARCA,COGUA,COLOMBIA
CUNDINAMARCA,COTA,COLOMBIA
CUNDINAMARCA,CUCUNUBA,COLOMBIA
CUNDINAMARCA,EL COLEGIO,COLOMBIA
CUNDINAMARCA,EL PEÑON,COLOMBIA
CUNDINAMARCA,EL ROSAL,COLOMBIA
CUNDINAMARCA,FACATATIVA,COLOMBIA
CUNDINAMARCA,FOMEQUE,COLOMBIA
CUNDINAMARCA,FOSCA,COLOMBIA
CUNDINAMARCA,FUNZA,COLOMBIA
CUNDINAMARCA,FUQUENE,COLOMBIA
CUNDINAMARCA,FUSAGASUGA,COLOMBIA
CUNDINAMARCA,GACHALA,COLOMBIA
CUNDINAMARCA,GACHANCIPA,COLOMBIA
CUNDINAMARCA,GACHETA,COLOMBIA
CUNDINAMARCA,GIRARDOT,COLOMBIA
CUNDINAMARCA,GRANADA,COLOMBIA
CUNDINAMARCA,GUACHETA,COLOMBIA
CUNDINAMARCA,GUADUAS,COLOMBIA
CUNDINAMARCA,GUASCA,COLOMBIA
CUNDINAMARCA,GUATAQUI,COLOMBIA
CUNDINAMARCA,GUATAVITA,COLOMBIA
CUNDINAMARCA,GUAYABAL DE SIQUIMA,COLOMBIA
CUNDINAMARCA,GUAYABETAL,COLOMBIA
CUNDINAMARCA,GUTIERREZ,COLOMBIA
CUNDINAMARCA,JERUSALEN,COLOMBIA
CUNDINAMARCA,JUNIN,COLOMBIA
CUNDINAMARCA,LA CALERA,COLOMBIA
CUNDINAMARCA,LA MESA,COLOMBIA
CUNDINAMARCA,LA PALMA,COLOMBIA
CUNDINAMARCA,LA PEÑA,COLOMBIA
CUNDINAMARCA,LA VEGA,COLOMBIA
CUNDINAMARCA,LENGUAZAQUE,COLOMBIA
CUNDINAMARCA,MACHETA,COLOMBIA
CUNDINAMARCA,MADRID,COLOMBIA
CUNDINAMARCA,MANTA,COLOMBIA
CUNDINAMARCA,MEDINA,COLOMBIA
CUNDINAMARCA,MOSQUERA,COLOMBIA
CUNDINAMARCA,NARIÑO,COLOMBIA
CUNDINAMARCA,NEMOCON,COLOMBIA
CUNDINAMARCA,NILO,COLOMBIA
CUNDINAMARCA,NIMAIMA,COLOMBIA
CUNDINAMARCA,NOCAIMA,COLOMBIA
CUNDINAMARCA,PACHO,COLOMBIA
CUNDINAMARCA,PAIME,COLOMBIA
CUNDINAMARCA,PANDI,COLOMBIA
CUNDINAMARCA,PARATEBUENO,COLOMBIA
CUNDINAMARCA,PASCA,COLOMBIA
CUNDINAMARCA,PUERTO SALGAR,COLOMBIA
CUNDINAMARCA,PULI,COLOMBIA
CUNDINAMARCA,QUEBRADANEGRA,COLOMBIA
CUNDINAMARCA,QUETAME,COLOMBIA
CUNDINAMARCA,QUIPILE,COLOMBIA
CUNDINAMARCA,RICAURTE,COLOMBIA
CUNDINAMARCA,SAN ANTONIO DEL TEQUENDAMA,COLOMBIA
CUNDINAMARCA,SAN BERNARDO,COLOMBIA
CUNDINAMARCA,SAN CAYETANO,COLOMBIA
CUNDINAMARCA,SAN FRANCISCO,COLOMBIA
CUNDINAMARCA,SAN JUAN DE RIO SECO,COLOMBIA
CUNDINAMARCA,SASAIMA,COLOMBIA
CUNDINAMARCA,SESQUILE,COLOMBIA
CUNDINAMARCA,SIBATE,COLOMBIA
CUNDINAMARCA,SILVANIA,COLOMBIA
CUNDINAMARCA,SIMIJACA,COLOMBIA
CUNDINAMARCA,SOACHA,COLOMBIA
CUNDINAMARCA,SOPO,COLOMBIA
CUNDINAMARCA,SUBACHOQUE,COLOMBIA
CUNDINAMARCA,SUESCA,COLOMBIA
CUNDINAMARCA,SUPATA,COLOMBIA
CUNDINAMARCA,SUSA,COLOMBIA
CUNDINAMARCA,SUTATAUSA,COLOMBIA
CUNDINAMARCA,TABIO,COLOMBIA
CUNDINAMARCA,TAUSA,COLOMBIA
CUNDINAMARCA,TENA,COLOMBIA
CUNDINAMARCA,TENJO,COLOMBIA
CUNDINAMARCA,TIBACUY,COLOMBIA
CUNDINAMARCA,TIBIRITA,COLOMBIA
CUNDINAMARCA,TOCAIMA,COLOMBIA
CUNDINAMARCA,TOCANCIPA,COLOMBIA
CUNDINAMARCA,TOPAIPI,COLOMBIA
CUNDINAMARCA,UBALA,COLOMBIA
CUNDINAMARCA,UBAQUE,COLOMBIA
CUNDINAMARCA,UNE,COLOMBIA
CUNDINAMARCA,UTICA,COLOMBIA
CUNDINAMARCA,VENECIA,COLOMBIA
CUNDINAMARCA,VERGARA,COLOMBIA
CUNDINAMARCA,VIANI,COLOMBIA
CUNDINAMARCA,VILLA DE SAN DIEGO DE UBATE,COLOMBIA
CUNDINAMARCA,VILLAGOMEZ,COLOMBIA
CUNDINAMARCA,VILLAPINZON,COLOMBIA
CUNDINAMARCA,VILLETA,COLOMBIA
CUNDINAMARCA,VIOTA,COLOMBIA
CUNDINAMARCA,YACOPI,COLOMBIA
CUNDINAMARCA,ZIPACON,COLOMBIA
CUNDINAMARCA,ZIPAQUIRA,COLOMBIA
GUAINIA,INIRIDA,COLOMBIA
GUAVIARE,CALAMAR,COLOMBIA
GUAVIARE,EL RETORNO,COLOMBIA
GUAVIARE,MIRAFLORES,COLOMBIA
GUAVIARE,SAN JOSE DEL GUAVIARE,COLOMBIA
HUILA,ACEVEDO,COLOMBIA
HUILA,AGRADO,COLOMBIA
HUILA,AIPE,COLOMBIA
HUILA,ALGECIRAS,COLOMBIA
HUILA,ALTAMIRA,COLOMBIA
HUILA,BARAYA,COLOMBIA
HUILA,CAMPOALEGRE,COLOMBIA
HUILA,COLOMBIA,COLOMBIA
HUILA,ELIAS,COLOMBIA
HUILA,GARZON,COLOMBIA
HUILA,GIGANTE,COLOMBIA
HUILA,GUADALUPE,COLOMBIA
HUILA,HOBO,COLOMBIA
HUILA,IQUIRA,COLOMBIA
HUILA,ISNOS,COLOMBIA
HUILA,LA ARGENTINA,COLOMBIA
HUILA,LA PLATA,COLOMBIA
HUILA,NATAGA,COLOMBIA
HUILA,NEIVA,COLOMBIA
HUILA,OPORAPA,COLOMBIA
HUILA,PAICOL,COLOMBIA
HUILA,PALERMO,COLOMBIA
HUILA,PALESTINA,COLOMBIA
HUILA,PITAL,COLOMBIA
HUILA,PITALITO,COLOMBIA
HUILA,RIVERA,COLOMBIA
HUILA,SALADOBLANCO,COLOMBIA
HUILA,SAN AGUSTIN,COLOMBIA
HUILA,SANTA MARIA,COLOMBIA
HUILA,SUAZA,COLOMBIA
HUILA,TARQUI,COLOMBIA
HUILA,TELLO,COLOMBIA
HUILA,TERUEL,COLOMBIA
HUILA,TESALIA,COLOMBIA
HUILA,TIMANA,COLOMBIA
HUILA,VILLAVIEJA,COLOMBIA
HUILA,YAGUARA,COLOMBIA
LA GUAJIRA,ALBANIA,COLOMBIA
LA GUAJIRA,BARRANCAS,COLOMBIA
LA GUAJIRA,DIBULLA,COLOMBIA
LA GUAJIRA,DISTRACCION,COLOMBIA
LA GUAJIRA,EL MOLINO,COLOMBIA
LA GUAJIRA,FONSECA,COLOMBIA
LA GUAJIRA,HATONUEVO,COLOMBIA
LA GUAJIRA,LA JAGUA DEL PILAR,COLOMBIA
LA GUAJIRA,MAICAO,COLOMBIA
LA GUAJIRA,MANAURE,COLOMBIA
LA GUAJIRA,RIOHACHA,COLOMBIA
LA GUAJIRA,SAN JUAN DEL CESAR,COLOMBIA
LA GUAJIRA,URIBIA,COLOMBIA
LA GUAJIRA,URUMITA,COLOMBIA
LA GUAJIRA,VILLANUEVA,COLOMBIA
MAGDALENA,ALGARROBO,COLOMBIA
MAGDALENA,ARACATACA,COLOMBIA
MAGDALENA,ARIGUANI,COLOMBIA
MAGDALENA,CERRO SAN ANTONIO,COLOMBIA
MAGDALENA,CHIBOLO,COLOMBIA
MAGDALENA,CIENAGA,COLOMBIA
MAGDALENA,CONCORDIA,COLOMBIA
MAGDALENA,EL BANCO,COLOMBIA
MAGDALENA,EL PIÑON,COLOMBIA
MAGDALENA,EL RETEN,COLOMBIA
MAGDALENA,FUNDACION,COLOMBIA
MAGDALENA,GUAMAL,COLOMBIA
MAGDALENA,NUEVA GRANADA,COLOMBIA
MAGDALENA,PEDRAZA,COLOMBIA
MAGDALENA,PIJIÑO DEL CARMEN,COLOMBIA
MAGDALENA,PIVIJAY,COLOMBIA
MAGDALENA,PLATO,COLOMBIA
MAGDALENA,PUEBLOVIEJO,COLOMBIA
MAGDALENA,REMOLINO,COLOMBIA
MAGDALENA,SABANAS DE SAN ANGEL,COLOMBIA
MAGDALENA,SALAMINA,COLOMBIA
MAGDALENA,SAN SEBASTIAN DE BUENAVISTA,COLOMBIA
MAGDALENA,SAN ZENON,COLOMBIA
MAGDALENA,SANTA ANA,COLOMBIA
MAGDALENA,SANTA BARBARA DE PINTO,COLOMBIA
MAGDALENA,SANTA MARTA,COLOMBIA
MAGDALENA,SITIONUEVO,COLOMBIA
MAGDALENA,TENERIFE,COLOMBIA
MAGDALENA,ZAPAYAN,COLOMBIA
MAGDALENA,ZONA BANANERA,COLOMBIA
META,ACACIAS,COLOMBIA
META,BARRANCA DE UPIA,COLOMBIA
META,CABUYARO,COLOMBIA
META,CASTILLA LA NUEVA,COLOMBIA
META,CUBARRAL,COLOMBIA
META,CUMARAL,COLOMBIA
META,EL CALVARIO,COLOMBIA
META,EL CASTILLO,COLOMBIA
META,EL DORADO,COLOMBIA
META,FUENTE DE ORO,COLOMBIA
META,GRANADA,COLOMBIA
META,GUAMAL,COLOMBIA
META,LA MACARENA,COLOMBIA
META,LEJANIAS,COLOMBIA
META,MAPIRIPAN,COLOMBIA
META,MESETAS,COLOMBIA
META,PUERTO CONCORDIA,COLOMBIA
META,PUERTO GAITAN,COLOMBIA
META,PUERTO LLERAS,COLOMBIA
META,PUERTO LOPEZ,COLOMBIA
META,PUERTO RICO,COLOMBIA
META,RESTREPO,COLOMBIA
META,SAN CARLOS DE GUAROA,COLOMBIA
META,SAN JUAN DE ARAMA,COLOMBIA
META,SAN JUANITO,COLOMBIA
META,SAN MARTIN,COLOMBIA
META,URIBE,COLOMBIA
META,VILLAVICENCIO,COLOMBIA
META,VISTAHERMOSA,COLOMBIA
NARIÑO,ALBAN,COLOMBIA
NARIÑO,ALDANA,COLOMBIA
NARIÑO,ANCUYA,COLOMBIA
NARIÑO,ARBOLEDA,COLOMBIA
NARIÑO,BARBACOAS,COLOMBIA
NARIÑO,BELEN,COLOMBIA
NARIÑO,BUESACO,COLOMBIA
NARIÑO,CHACHAGUI,COLOMBIA
NARIÑO,COLON,COLOMBIA
NARIÑO,CONSACA,COLOMBIA
NARIÑO,CONTADERO,COLOMBIA
NARIÑO,CORDOBA,COLOMBIA
NARIÑO,CUASPUD,COLOMBIA
NARIÑO,CUMBAL,COLOMBIA
NARIÑO,CUMBITARA,COLOMBIA
NARIÑO,EL PEÑOL,COLOMBIA
NARIÑO,EL ROSARIO,COLOMBIA
NARIÑO,EL TABLON DE GOMEZ,COLOMBIA
NARIÑO,EL TAMBO,COLOMBIA
NARIÑO,FRANCISCO PIZARRO,COLOMBIA
NARIÑO,FUNES,COLOMBIA
NARIÑO,GUACHUCAL,COLOMBIA
NARIÑO,GUAITARILLA,COLOMBIA
NARIÑO,GUALMATAN,COLOMBIA
NARIÑO,ILES,COLOMBIA
NARIÑO,IMUES,COLOMBIA
NARIÑO,IPIALES,COLOMBIA
NARIÑO,LA CRUZ,COLOMBIA
NARIÑO,LA FLORIDA,COLOMBIA
NARIÑO,LA LLANADA,COLOMBIA
NARIÑO,LA UNION,COLOMBIA
NARIÑO,LEIVA,COLOMBIA
NARIÑO,LINARES,COLOMBIA
NARIÑO,LOS ANDES,COLOMBIA
NARIÑO,MAGUI,COLOMBIA
NARIÑO,MALLAMA,COLOMBIA
NARIÑO,NARIÑO,COLOMBIA
NARIÑO,OSPINA,COLOMBIA
NARIÑO,PASTO,COLOMBIA
NARIÑO,POLICARPA,COLOMBIA
NARIÑO,POTOSI,COLOMBIA
NARIÑO,PROVIDENCIA,COLOMBIA
NARIÑO,PUERRES,COLOMBIA
NARIÑO,PUPIALES,COLOMBIA
NARIÑO,RICAURTE,COLOMBIA
NARIÑO,SAMANIEGO,COLOMBIA
NARIÑO,SAN ANDRES DE TUMACO,COLOMBIA
NARIÑO,SAN BERNARDO,COLOMBIA
NARIÑO,SAN LORENZO,COLOMBIA
NARIÑO,SAN PABLO,COLOMBIA
NARIÑO,SAN PEDRO DE CARTAGO,COLOMBIA
NARIÑO,SANDONA,COLOMBIA
NARIÑO,SANTA BARBARA,COLOMBIA
NARIÑO,SANTACRUZ,COLOMBIA
NARIÑO,SAPUYES,COLOMBIA
NARIÑO,TAMINANGO,COLOMBIA
NARIÑO,TANGUA,COLOMBIA
NARIÑO,TUQUERRES,COLOMBIA
NARIÑO,YACUANQUER,COLOMBIA
NORTE DE SANTANDER,ABREGO,COLOMBIA
NORTE DE SANTANDER,ARBOLEDAS,COLOMBIA
NORTE DE SANTANDER,BOCHALEMA,COLOMBIA
NORTE DE SANTANDER,BUCARASICA,COLOMBIA
NORTE DE SANTANDER,CACHIRA,COLOMBIA
NORTE DE SANTANDER,CACOTA,COLOMBIA
NORTE DE SANTANDER,CHINACOTA,COLOMBIA
NORTE DE SANTANDER,CHITAGA,COLOMBIA
NORTE DE SANTANDER,CONVENCION,COLOMBIA
NORTE DE SANTANDER,CUCUTA,COLOMBIA
NORTE DE SANTANDER,CUCUTILLA,COLOMBIA
NORTE DE SANTANDER,DURANIA,COLOMBIA
NORTE DE SANTANDER,EL CARMEN,COLOMBIA
NORTE DE SANTANDER,EL TARRA,COLOMBIA
NORTE DE SANTANDER,EL ZULIA,COLOMBIA
NORTE DE SANTANDER,GRAMALOTE,COLOMBIA
NORTE DE SANTANDER,HACARI,COLOMBIA
NORTE DE SANTANDER,HERRAN,COLOMBIA
NORTE DE SANTANDER,LA ESPERANZA,COLOMBIA
NORTE DE SANTANDER,LA PLAYA,COLOMBIA
NORTE DE SANTANDER,LABATECA,COLOMBIA
NORTE DE SANTANDER,LOS PATIOS,COLOMBIA
NORTE DE SANTANDER,LOURDES,COLOMBIA
NORTE DE SANTANDER,MUTISCUA,COLOMBIA
NORTE DE SANTANDER,OCAÑA,COLOMBIA
NORTE DE SANTANDER,PAMPLONA,COLOMBIA
NORTE DE SANTANDER,PUERTO SANTANDER,COLOMBIA
NORTE DE SANTANDER,RAGONVALIA,COLOMBIA
NORTE DE SANTANDER,SALAZAR,COLOMBIA
NORTE DE SANTANDER,SAN CALIXTO,COLOMBIA
NORTE DE SANTANDER,SAN CAYETANO,COLOMBIA
NORTE DE SANTANDER,SANTIAGO,COLOMBIA
NORTE DE SANTANDER,SARDINATA,COLOMBIA
NORTE DE SANTANDER,SILOS,COLOMBIA
NORTE DE SANTANDER,TEORAMA,COLOMBIA
NORTE DE SANTANDER,TIBU,COLOMBIA
NORTE DE SANTANDER,TOLEDO,COLOMBIA
NORTE DE SANTANDER,VILLA CARO,COLOMBIA
NORTE DE SANTANDER,VILLA DEL ROSARIO,COLOMBIA
PUTUMAYO,COLON,COLOMBIA
PUTUMAYO,LEGUIZAMO,COLOMBIA
PUTUMAYO,MOCOA,COLOMBIA
PUTUMAYO,ORITO,COLOMBIA
PUTUMAYO,PUERTO ASIS,COLOMBIA
PUTUMAYO,PUERTO CAICEDO,COLOMBIA
PUTUMAYO,PUERTO GUZMAN,COLOMBIA
PUTUMAYO,SAN FRANCISCO,COLOMBIA
PUTUMAYO,SAN MIGUEL,COLOMBIA
PUTUMAYO,SANTIAGO,COLOMBIA
PUTUMAYO,SIBUNDOY,COLOMBIA
PUTUMAYO,VALLE DEL GUAMUEZ,COLOMBIA
PUTUMAYO,VILLAGARZON,COLOMBIA
QUINDIO,ARMENIA,COLOMBIA
QUINDIO,BUENAVISTA,COLOMBIA
QUINDIO,CALARCA,COLOMBIA
QUINDIO,CIRCASIA,COLOMBIA
QUINDIO,CORDOBA,COLOMBIA
QUINDIO,FILANDIA,COLOMBIA
QUINDIO,GENOVA,COLOMBIA
QUINDIO,LA TEBAIDA,COLOMBIA
QUINDIO,MONTENEGRO,COLOMBIA
QUINDIO,PIJAO,COLOMBIA
QUINDIO,QUIMBAYA,COLOMBIA
QUINDIO,SALENTO,COLOMBIA
RISARALDA,APIA,COLOMBIA
RISARALDA,BALBOA,COLOMBIA
RISARALDA,BELEN DE UMBRIA,COLOMBIA
RISARALDA,DOSQUEBRADAS,COLOMBIA
RISARALDA,GUATICA,COLOMBIA
RISARALDA,LA CELIA,COLOMBIA
RISARALDA,LA VIRGINIA,COLOMBIA
RISARALDA,MARSELLA,COLOMBIA
RISARALDA,MISTRATO,COLOMBIA
RISARALDA,PEREIRA,COLOMBIA
RISARALDA,PUEBLO RICO,COLOMBIA
RISARALDA,QUINCHIA,COLOMBIA
RISARALDA,SANTA ROSA DE CABAL,COLOMBIA
RISARALDA,SANTUARIO,COLOMBIA
SAN ANDRES ISLAS,PROVIDENCIA,COLOMBIA
SAN ANDRES ISLAS,SAN ANDRES,COLOMBIA
SANTANDER,ALBANIA,COLOMBIA
SANTANDER,ARATOCA,COLOMBIA
SANTANDER,BARBOSA,COLOMBIA
SANTANDER,BARICHARA,COLOMBIA
SANTANDER,BARRANCABERMEJA,COLOMBIA
SANTANDER,BETULIA,COLOMBIA
SANTANDER,BOLIVAR,COLOMBIA
SANTANDER,BUCARAMANGA,COLOMBIA
SANTANDER,CABRERA,COLOMBIA
SANTANDER,CALIFORNIA,COLOMBIA
SANTANDER,CAPITANEJO,COLOMBIA
SANTANDER,CARCASI,COLOMBIA
SANTANDER,CERRITO,COLOMBIA
SANTANDER,CHARALA,COLOMBIA
SANTANDER,CHARTA,COLOMBIA
SANTANDER,CHIPATA,COLOMBIA
SANTANDER,CIMITARRA,COLOMBIA
SANTANDER,CONCEPCION,COLOMBIA
SANTANDER,CONFINES,COLOMBIA
SANTANDER,COROMORO,COLOMBIA
SANTANDER,CURITI,COLOMBIA
SANTANDER,EL CARMEN DE CHUCURI,COLOMBIA
SANTANDER,EL PEÑON,COLOMBIA
SANTANDER,EL PLAYON,COLOMBIA
SANTANDER,ENCISO,COLOMBIA
SANTANDER,FLORIAN,COLOMBIA
SANTANDER,FLORIDABLANCA,COLOMBIA
SANTANDER,GALAN,COLOMBIA
SANTANDER,GAMBITA,COLOMBIA
SANTANDER,GIRON,COLOMBIA
SANTANDER,GUACA,COLOMBIA
SANTANDER,GUADALUPE,COLOMBIA
SANTANDER,GUAPOTA,COLOMBIA
SANTANDER,GUAVATA,COLOMBIA
SANTANDER,GUEPSA,COLOMBIA
SANTANDER,JESUS MARIA,COLOMBIA
SANTANDER,JORDAN,COLOMBIA
SANTANDER,LA BELLEZA,COLOMBIA
SANTANDER,LA PAZ,COLOMBIA
SANTANDER,LANDAZURI,COLOMBIA
SANTANDER,LEBRIJA,COLOMBIA
SANTANDER,LOS SANTOS,COLOMBIA
SANTANDER,MACARAVITA,COLOMBIA
SANTANDER,MALAGA,COLOMBIA
SANTANDER,MATANZA,COLOMBIA
SANTANDER,MOGOTES,COLOMBIA
SANTANDER,MOLAGAVITA,COLOMBIA
SANTANDER,OCAMONTE,COLOMBIA
SANTANDER,OIBA,COLOMBIA
SANTANDER,ONZAGA,COLOMBIA
SANTANDER,PALMAS DEL SOCORRO,COLOMBIA
SANTANDER,PARAMO,COLOMBIA
SANTANDER,PIEDECUESTA,COLOMBIA
SANTANDER,PINCHOTE,COLOMBIA
SANTANDER,PUENTE NACIONAL,COLOMBIA
SANTANDER,PUERTO PARRA,COLOMBIA
SANTANDER,PUERTO WILCHES,COLOMBIA
SANTANDER,RIONEGRO,COLOMBIA
SANTANDER,SABANA DE TORRES,COLOMBIA
SANTANDER,SAN ANDRES,COLOMBIA
SANTANDER,SAN BENITO,COLOMBIA
SANTANDER,SAN GIL,COLOMBIA
SANTANDER,SAN JOAQUIN,COLOMBIA
SANTANDER,SAN JOSE DE MIRANDA,COLOMBIA
SANTANDER,SAN MIGUEL,COLOMBIA
SANTANDER,SAN VICENTE DE CHUCURI,COLOMBIA
SANTANDER,SANTA BARBARA,COLOMBIA
SANTANDER,SANTA HELENA DEL OPON,COLOMBIA
SANTANDER,SIMACOTA,COLOMBIA
SANTANDER,SOCORRO,COLOMBIA
SANTANDER,SUAITA,COLOMBIA
SANTANDER,SUCRE,COLOMBIA
SANTANDER,SURATA,COLOMBIA
SANTANDER,TONA,COLOMBIA
SANTANDER,VALLE DE SAN JOSE,COLOMBIA
SANTANDER,VELEZ,COLOMBIA
SANTANDER,VETAS,COLOMBIA
SANTANDER,VILLANUEVA,COLOMBIA
SANTANDER,ZAPATOCA,COLOMBIA
SUCRE,BUENAVISTA,COLOMBIA
SUCRE,CAIMITO,COLOMBIA
SUCRE,CHALAN,COLOMBIA
SUCRE,COLOSO,COLOMBIA
SUCRE,COROZAL,COLOMBIA
SUCRE,COVEÑAS,COLOMBIA
SUCRE,EL ROBLE,COLOMBIA
SUCRE,GALERAS,COLOMBIA
SUCRE,GUARANDA,COLOMBIA
SUCRE,LA UNION,COLOMBIA
SUCRE,LOS PALMITOS,COLOMBIA
SUCRE,MAJAGUAL,COLOMBIA
SUCRE,MORROA,COLOMBIA
SUCRE,OVEJAS,COLOMBIA
SUCRE,PALMITO,COLOMBIA
SUCRE,SAMPUES,COLOMBIA
SUCRE,SAN BENITO ABAD,COLOMBIA
SUCRE,SAN JUAN DE BETULIA,COLOMBIA
SUCRE,SAN LUIS DE SINCE,COLOMBIA
SUCRE,SAN MARCOS,COLOMBIA
SUCRE,SAN ONOFRE,COLOMBIA
SUCRE,SAN PEDRO,COLOMBIA
SUCRE,SANTIAGO DE TOLU,COLOMBIA
SUCRE,SINCELEJO,COLOMBIA
SUCRE,SUCRE,COLOMBIA
SUCRE,TOLU VIEJO,COLOMBIA
TOLIMA,ALPUJARRA,COLOMBIA
TOLIMA,ALVARADO,COLOMBIA
TOLIMA,AMBALEMA,COLOMBIA
TOLIMA,ANZOATEGUI,COLOMBIA
TOLIMA,ARMERO,COLOMBIA
TOLIMA,ATACO,COLOMBIA
TOLIMA,CAJAMARCA,COLOMBIA
TOLIMA,CARMEN DE APICALA,COLOMBIA
TOLIMA,CASABIANCA,COLOMBIA
TOLIMA,CHAPARRAL,COLOMBIA
TOLIMA,COELLO,COLOMBIA
TOLIMA,COYAIMA,COLOMBIA
TOLIMA,CUNDAY,COLOMBIA
TOLIMA,DOLORES,COLOMBIA
TOLIMA,ESPINAL,COLOMBIA
TOLIMA,FALAN,COLOMBIA
TOLIMA,FLANDES,COLOMBIA
TOLIMA,FRESNO,COLOMBIA
TOLIMA,GUAMO,COLOMBIA
TOLIMA,HERVEO,COLOMBIA
TOLIMA,HONDA,COLOMBIA
TOLIMA,IBAGUE,COLOMBIA
TOLIMA,ICONONZO,COLOMBIA
TOLIMA,LERIDA,COLOMBIA
TOLIMA,LIBANO,COLOMBIA
TOLIMA,MARIQUITA,COLOMBIA
TOLIMA,MELGAR,COLOMBIA
TOLIMA,MURILLO,COLOMBIA
TOLIMA,NATAGAIMA,COLOMBIA
TOLIMA,ORTEGA,COLOMBIA
TOLIMA,PALOCABILDO,COLOMBIA
TOLIMA,PIEDRAS,COLOMBIA
TOLIMA,PLANADAS,COLOMBIA
TOLIMA,PRADO,COLOMBIA
TOLIMA,PURIFICACION,COLOMBIA
TOLIMA,RIOBLANCO,COLOMBIA
TOLIMA,RONCESVALLES,COLOMBIA
TOLIMA,ROVIRA,COLOMBIA
TOLIMA,SALDAÑA,COLOMBIA
TOLIMA,SAN ANTONIO,COLOMBIA
TOLIMA,SAN LUIS,COLOMBIA
TOLIMA,SANTA ISABEL,COLOMBIA
TOLIMA,SUAREZ,COLOMBIA
TOLIMA,VALLE DE SAN JUAN,COLOMBIA
TOLIMA,VENADILLO,COLOMBIA
TOLIMA,VILLAHERMOSA,COLOMBIA
TOLIMA,VILLARRICA,COLOMBIA
VALLE DEL CAUCA,ALCALA,COLOMBIA
VALLE DEL CAUCA,ANDALUCIA,COLOMBIA
VALLE DEL CAUCA,ANSERMANUEVO,COLOMBIA
VALLE DEL CAUCA,ARGELIA,COLOMBIA
VALLE DEL CAUCA,BOLIVAR,COLOMBIA
VALLE DEL CAUCA,BUENAVENTURA,COLOMBIA
VALLE DEL CAUCA,BUGALAGRANDE,COLOMBIA
VALLE DEL CAUCA,CAICEDONIA,COLOMBIA
VALLE DEL CAUCA,CALI,COLOMBIA
VALLE DEL CAUCA,CALIMA,COLOMBIA
VALLE DEL CAUCA,CANDELARIA,COLOMBIA
VALLE DEL CAUCA,CARTAGO,COLOMBIA
VALLE DEL CAUCA,DAGUA,COLOMBIA
VALLE DEL CAUCA,EL AGUILA,COLOMBIA
VALLE DEL CAUCA,EL CAIRO,COLOMBIA
VALLE DEL CAUCA,EL CERRITO,COLOMBIA
VALLE DEL CAUCA,EL DOVIO,COLOMBIA
VALLE DEL CAUCA,FLORIDA,COLOMBIA
VALLE DEL CAUCA,GINEBRA,COLOMBIA
VALLE DEL CAUCA,GUACARI,COLOMBIA
VALLE DEL CAUCA,GUADALAJARA DE BUGA,COLOMBIA
VALLE DEL CAUCA,JAMUNDI,COLOMBIA
VALLE DEL CAUCA,LA CUMBRE,COLOMBIA
VALLE DEL CAUCA,LA UNION,COLOMBIA
VALLE DEL CAUCA,LA VICTORIA,COLOMBIA
VALLE DEL CAUCA,OBANDO,COLOMBIA
VALLE DEL CAUCA,PALMIRA,COLOMBIA
VALLE DEL CAUCA,PRADERA,COLOMBIA
VALLE DEL CAUCA,RESTREPO,COLOMBIA
VALLE DEL CAUCA,RIOFRIO,COLOMBIA
VALLE DEL CAUCA,ROLDANILLO,COLOMBIA
VALLE DEL CAUCA,SAN PEDRO,COLOMBIA
VALLE DEL CAUCA,SEVILLA,COLOMBIA
VALLE DEL CAUCA,TORO,COLOMBIA
VALLE DEL CAUCA,TRUJILLO,COLOMBIA
VALLE DEL CAUCA,TULUA,COLOMBIA
VALLE DEL CAUCA,ULLOA,COLOMBIA
VALLE DEL CAUCA,VERSALLES,COLOMBIA
VALLE DEL CAUCA,VIJES,COLOMBIA
VALLE DEL CAUCA,YOTOCO,COLOMBIA
VALLE DEL CAUCA,YUMBO,COLOMBIA
VALLE DEL CAUCA,ZARZAL,COLOMBIA
VAUPES,CARURU,COLOMBIA
VAUPES,MITU,COLOMBIA
VICHADA,CUMARIBO,COLOMBIA
VICHADA,LA PRIMAVERA,COLOMBIA
VICHADA,PUERTO CARREÑO,COLOMBIA
VICHADA,SANTA ROSALIA,COLOMBIA
